os,n,metric,mean,ci_lower,ci_upper,margin_abs,margin_pct
linux,11,duration_ms,623.515435,621.807274,625.223595,1.708160,0.273956
linux,11,pkg_energy_j,15.989904,15.896804,16.083004,0.093100,0.582244
linux,12,duration_ms,8577.811000,8564.659040,8590.962960,13.151960,0.153325
linux,12,pkg_energy_j,216.140179,215.695378,216.584979,0.444801,0.205793
windows,11,duration_ms,451.515320,449.747275,453.283365,1.768045,0.391580
windows,11,pkg_energy_j,27.062937,26.955296,27.170578,0.107641,0.397744
windows,12,duration_ms,6343.596500,6328.238936,6358.954064,15.357564,0.242096
windows,12,pkg_energy_j,285.034940,284.276934,285.792946,0.758006,0.265934
